{"cameraMode":{"drawMode":0,"name":"Shaded","section":"Shading Mode"},"sceneLighting":false,"audioPlay":false,"sceneViewState":{"m_AlwaysRefresh":false,"showFog":true,"showSkybox":false,"showFlares":true,"showImageEffects":true,"showParticleSystems":true,"showVisualEffectGraphs":true,"m_FxEnabled":true},"in2DMode":false,"pivot":{"x":-3.8505301475524904,"y":3.706874132156372,"z":12.988801002502442},"rotation":{"x":0.11153300851583481,"y":0.8430482149124146,"z":-0.1918964385986328,"w":0.48997750878334048},"size":2.9048049449920656,"orthographic":false}