{"cameraMode":{"drawMode":0,"name":"Shaded","section":"Shading Mode"},"sceneLighting":false,"audioPlay":false,"sceneViewState":{"m_AlwaysRefresh":false,"showFog":true,"showSkybox":false,"showFlares":true,"showImageEffects":true,"showParticleSystems":true,"showVisualEffectGraphs":true,"m_FxEnabled":true},"in2DMode":false,"pivot":{"x":0.0020203590393066408,"y":0.8233329653739929,"z":21.194835662841798},"rotation":{"x":-0.1837652623653412,"y":0.004693185910582542,"z":-0.000892365351319313,"w":-0.9830007553100586},"size":6.309701442718506,"orthographic":false}