{"cameraMode":{"drawMode":0,"name":"Shaded","section":"Shading Mode"},"sceneLighting":false,"audioPlay":false,"sceneViewState":{"m_AlwaysRefresh":false,"showFog":true,"showSkybox":false,"showFlares":true,"showImageEffects":true,"showParticleSystems":true,"showVisualEffectGraphs":true,"m_FxEnabled":true},"in2DMode":false,"pivot":{"x":2.544447422027588,"y":2.8599796295166017,"z":13.533196449279786},"rotation":{"x":0.0926026850938797,"y":0.11060839146375656,"z":-0.010338845662772656,"w":0.9895238876342773},"size":3.8709945678710939,"orthographic":false}