{"cameraMode":{"drawMode":0,"name":"Shaded","section":"Shading Mode"},"sceneLighting":false,"audioPlay":false,"sceneViewState":{"m_AlwaysRefresh":false,"showFog":true,"showSkybox":false,"showFlares":true,"showImageEffects":true,"showParticleSystems":true,"showVisualEffectGraphs":true,"m_FxEnabled":true},"in2DMode":false,"pivot":{"x":-0.2398204803466797,"y":2.2566304206848146,"z":-0.9890782833099365},"rotation":{"x":-0.06475875526666641,"y":0.01674431376159191,"z":-0.0010859295725822449,"w":-0.9978070855140686},"size":1.0768929719924927,"orthographic":false}