{"cameraMode":{"drawMode":0,"name":"Shaded","section":"Shading Mode"},"sceneLighting":false,"audioPlay":false,"sceneViewState":{"m_AlwaysRefresh":false,"showFog":true,"showSkybox":false,"showFlares":true,"showImageEffects":true,"showParticleSystems":true,"showVisualEffectGraphs":true,"m_FxEnabled":true},"in2DMode":false,"pivot":{"x":9.645234107971192,"y":1.9503613710403443,"z":24.85112762451172},"rotation":{"x":0.011526093818247319,"y":-0.349155455827713,"z":0.0043236385099589829,"w":0.9370223879814148},"size":4.914993762969971,"orthographic":false}