{"cameraMode":{"drawMode":0,"name":"Shaded","section":"Shading Mode"},"sceneLighting":false,"audioPlay":false,"sceneViewState":{"m_AlwaysRefresh":false,"showFog":true,"showSkybox":false,"showFlares":true,"showImageEffects":true,"showParticleSystems":true,"showVisualEffectGraphs":true,"m_FxEnabled":true},"in2DMode":false,"pivot":{"x":1.0383658409118653,"y":4.435815811157227,"z":0.22327178716659547},"rotation":{"x":0.006362908519804478,"y":-0.991759717464447,"z":-0.05479583889245987,"w":-0.11595537513494492},"size":4.915199279785156,"orthographic":false}