{"cameraMode":{"drawMode":0,"name":"Shaded","section":"Shading Mode"},"sceneLighting":false,"audioPlay":false,"sceneViewState":{"m_AlwaysRefresh":false,"showFog":true,"showSkybox":false,"showFlares":true,"showImageEffects":true,"showParticleSystems":true,"showVisualEffectGraphs":true,"m_FxEnabled":true},"in2DMode":false,"pivot":{"x":-3.0909972190856935,"y":3.765387773513794,"z":-3.0899770259857179},"rotation":{"x":0.012310277670621872,"y":-0.0011842423118650914,"z":0.00003559458127710968,"w":0.9999588131904602},"size":4.951910495758057,"orthographic":false}