{"cameraMode":{"drawMode":0,"name":"Shaded","section":"Shading Mode"},"sceneLighting":false,"audioPlay":false,"sceneViewState":{"m_AlwaysRefresh":false,"showFog":true,"showSkybox":false,"showFlares":true,"showImageEffects":true,"showParticleSystems":true,"showVisualEffectGraphs":true,"m_FxEnabled":true},"in2DMode":false,"pivot":{"x":-4.3545074462890629,"y":3.678191661834717,"z":14.466983795166016},"rotation":{"x":0.0926026850938797,"y":0.11060839146375656,"z":-0.010338845662772656,"w":0.9895238876342773},"size":5.086221694946289,"orthographic":false}